id;name;term;price;note
1;Metrics Licensed Fresh Gloves responsive;Credit Card Account;54626;Developer Developer
2;Small Cotton Gloves sticky platforms;Developer Investment Account copying;19300;generate web-readiness
3;interface;e-enable Extended parse;18008;Rubber Colorado Licensed
4;Health;Mills indexing;78059;Data PNG
5;SMS e-business Seamless;Iranian Rial online Synergistic;11345;pixel user-centric Handcrafted Steel Shoes
6;e-business;front-end bypassing solutions;14544;redefine Euro repurpose
7;Credit Card Account;Fresh Internal;38956;Computers copying
8;Fish Cambridgeshire;USB Direct;79000;Berkshire Direct Tasty Fresh Gloves
9;Proactive Representative Shirt;Representative e-services Cross-platform;12006;systematic Adaptive Roads
10;deposit;Assistant Brazilian Real;61974;Savings Account magnetic
